,Raices,Cotas,Orden de convergencia,constante asintotica
0,8.040195074878797,0.03423598757922086,0.0,0.0
1,8.074431062458018,0.029507845079800532,0.0,0.0
2,8.103938907537819,0.025693946181709393,0.0,0.029507845079800532
3,8.129632853719528,0.022573179515744002,0.9312316096549644,0.025693946181709393
4,8.152206033235272,0.01998740028239787,0.9356376108930385,0.022573179515744002
5,8.17219343351767,0.017821089022616476,0.9395134088438172,0.6822488263568949
6,8.190014522540286,0.015988280364171104,0.9429493024676482,0.6931233761757888
7,8.206002802904457,0.014423938007013248,0.9460161734413031,0.7031896826667962
8,8.22042674091147,0.013078128428039903,0.9487704435322191,0.7125375056289327
9,8.23350486933951,0.011912001888875423,0.9512575855556336,0.7212437327696735
10,8.245416871228386,0.010894967519149645,0.9535146579277218,0.7293745779952715
11,8.256311838747536,0.010002673713671584,0.9555721658253483,0.7369873571293828
12,8.266314512461207,0.009215541852819698,0.9574554490013846,0.744131928033643
13,8.275530054314027,0.008517686690666437,0.9591857310347557,0.7508518640423285
14,8.284047741004693,0.007896111155803354,0.9607809227412764,0.7571854150675219
15,8.291943852160497,0.007340098676094087,0.9622562443780484,0.7631662987772724
16,8.29928395083659,0.006840749547004421,0.9636247126629021,0.7688243556203249
17,8.306124700383595,0.006390623614500157,0.9648975256490533,0.7741860936577682
18,8.312515323998095,0.005983462305058751,0.9660843696873167,0.779275144215914
19,8.318498786303154,0.005613970491971543,0.9671936661867752,0.7841126446587292
20,8.324112756795126,0.005277643921720809,0.9682327715481025,0.7887175617577306
21,8.329390400716846,0.004970631644074075,0.9692081404499946,0.7931069657129776
22,8.33436103236092,0.004689625562878774,0.9701254597859787,0.797296263515206
23,8.3390506579238,0.004431771166526488,0.9709897596022362,0.801299399044915
24,8.343482429090326,0.004194594921751005,0.9718055052597897,0.8051290239902168
25,8.347677024012077,0.003975944869397452,0.9725766744458285,0.8087966460542898
26,8.351652968881474,0.0037739417490598726,0.9733068220840123,0.8123127567646523
27,8.355426910630534,0.00358693857310044,0.9739991348696141,0.8156869421807441
28,8.359013849203635,0.003413487021470374,0.9746564779854751,0.8189279801036662
29,8.362427336225105,0.0032523093733693997,0.9752814343425232,0.8220439236918007
30,8.365679645598474,0.0031022749575004838,0.9758763388442536,0.8250421767352254
31,8.368781920555975,0.0029623803084266598,0.976443307069633,0.827929557153483
32,8.371744300864401,0.0028317323773592307,0.9769842608293502,0.8307123561382208
33,8.37457603324176,0.00270953427172671,0.9775009495063085,0.8333963868275056
34,8.377285567513487,0.0025950730975381475,0.9779949692153229,0.8359870313528915
35,8.379880640611026,0.002487709557554396,0.9784677790321579,0.8384892788534022
36,8.38236835016858,0.002386869021414384,0.9789207155588996,0.840907762374157
37,8.384755219189994,0.002292033834429219,0.9793550053864416,0.843246789497091
38,8.387047253024424,0.0022027366725634323,0.9797717762882037,0.8455103716370067
39,8.389249989696987,0.00211855478408296,0.9801720667945285,0.8477022487622917
40,8.39136854448107,0.00203910498523463,0.9805568350921587,0.849825912800586
41,8.393407649466305,0.0019640392992172906,0.9809269664795421,0.8518846271908145
42,8.395371688765522,0.0018930411456352658,0.9812832800951422,0.8538814467964965
43,8.397264729911157,0.001825822002491151,0.9816265353529279,0.8558192336321842
44,8.399090551913648,0.0017621184748772833,0.9819574366848292,0.8577006716590907
45,8.400852670388526,0.0017016897147659193,0.9822766391361858,0.8595282825791704
46,8.402554360103291,0.0016443151446150495,0.9825847518991602,0.8613044348041196
47,8.404198675247907,0.001589792444613991,0.982882342881156,0.8630313589485881
48,8.40578846769252,0.001537935769253096,0.9831699417833716,0.8647111538694825
49,8.407326403461774,0.001488574163801104,0.9834480431504748,0.8663457998563278
50,8.408814977625575,0.001441550155565352,0.983717110005106,0.8679371649673824
51,8.41025652778114,0.0013967184981407144,0.9839775748479256,0.8694870123715779
52,8.41165324627928,0.0013539450500346106,0.9842298439875207,0.8709970120276611
53,8.413007191329315,0.001313105771432177,0.9844742978115898,0.8724687384488402
54,8.414320297100748,0.0012740858251145681,0.9847112939444387,0.8739036881596309
55,8.415594382925862,0.0012367787693552401,0.9849411684083664,0.8753032748031065
56,8.416831161695217,0.0012010858321822582,0.9851642372152724,0.8766688413971595
57,8.4180322475274,0.0011669152577908903,0.9853807982300486,0.8780016617246682
58,8.41919916278519,0.0011341817169956414,0.9855911318110075,0.8793029447104665
59,8.420333344502186,0.0011028057746766962,0.9857955028978957,0.880573840886219
60,8.421436150276863,0.0010727134080035228,0.9859941613299715,0.881815442089704
61,8.422508863684866,0.0010438355699644575,0.9861873430809572,0.8830287901251129
62,8.42355269925483,0.0010161077934203178,0.9863752716540214,0.8842148752455656
63,8.424568807048251,0.0009894698314134587,0.9865581581745132,0.8853746403974967
64,8.425558276879665,0.0009638653300214628,0.9867362031220267,0.8865089867578709
65,8.426522142209686,0.0009392415303981494,0.9869095957778874,0.8876187716594781
66,8.427461383740084,0.0009155489970851249,0.9870785163003277,0.8887048166982966
67,8.42837693273717,0.0008927413699826303,0.9872431354828849,0.8897679020869683
68,8.429269674107152,0.0008707751376331174,0.9874036152076252,0.8908087773531435
69,8.430140449244785,0.0008496094297694157,0.9875601099269053,0.8918281579453063
70,8.430990058674555,0.0008292058272889591,0.987712766284978,0.8928267262411856
71,8.431819264501843,0.0008095281879541005,0.9878617230941288,0.8938051391988622
72,8.432628792689798,0.0007905424864151911,0.9880071141185466,0.8947640244501097
73,8.433419335176213,0.0007722166671726427,0.9881490650515474,0.8957039787065254
74,8.434191551843385,0.000754520509318013,0.9882876967674561,0.8966255841216786
75,8.434946072352703,0.000737425501988298,0.9884231244626838,0.8975293878319891
76,8.435683497854692,0.0007209047295813065,0.9885554579549867,0.8984159215593966
77,8.436404402584273,0.0007049327658421589,0.9886848015716702,0.899285695123802
78,8.437109335350115,0.0006894855760730678,0.9888112559955267,0.9001391973522462
79,8.437798820926188,0.0006745404267576305,0.9889349168220903,0.9009768944098037
80,8.438473361352946,0.0006600758019352782,0.9890558750740649,0.9017992409838211
81,8.439133437154881,0.0006460713258125139,0.9891742194039095,0.9026066700640523
82,8.439779508480694,0.00063250769101586,0.9892900323313983,0.9033995955469323
83,8.44041201617171,0.0006193665920868341,0.9894033954349176,0.904178426051011
84,8.441031382763796,0.0006066306637393382,0.9895143846737133,0.9049435394148048
85,8.441638013427536,0.0005942834235099781,0.989623074113527,0.905695316483097
86,8.442232296851046,0.0005823092184584766,0.989729534828872,0.9064341094338559
87,8.442814606069504,0.0005706931755771194,0.9898338341617453,0.9071602660777306
88,8.443385299245081,0.0005594211556214645,0.989936037334551,0.9078741220660095
89,8.443944720400703,0.000548479710102967,0.9900362072330215,0.9085759953765674
90,8.444493200110806,0.0005378560412001576,0.9901344038369064,0.909266196750455
91,8.445031056152006,0.000527537964339686,0.9902306841626795,0.9099450278651414
92,8.445558594116346,0.0005175138732802509,0.9903251047300331,0.9106127770287225
93,8.446076107989626,0.0005077727074844773,0.9904177183184327,0.9112697183871876
94,8.44658388069711,0.0004983039216241991,0.9905085766155624,0.9119161285023053
95,8.447082184618735,0.0004890974570521678,0.9905977287456732,0.9125522637701989
96,8.447571282075787,0.00048014371509630394,0.9906852223174958,0.9131783783115796
97,8.448051425790883,0.0004714335320592511,0.9907711035558401,0.91379471351901
98,8.448522859322942,0.0004629581557669127,0.9908554157186164,0.9144015050510692
99,8.44898581747871,0.00045470922360735244,0.9909382030188514,0.9149989834811154
100,8.449440526702316,0.0004466787419037388,0.9910195047231697,0.9155873630153196
101,8.44988720544422,0.00043885906655383167,0.9910993612061043,0.9161668687292448
102,8.450326064510774,0.00043124288485252293,0.9911778110047988,0.9167376948855812
103,8.450757307395627,0.00042382319839973093,0.9912548902584011,0.91730004732191
104,8.451181130594026,0.0004165933070297001,0.9913306348577572,0.9178541225495571
105,8.451597723901056,0.00040954679368887525,0.9914050792267202,0.9184001035226849
106,8.452007270694745,0.0004026775102090596,0.9914782568861773,0.9189381747223191
107,8.452409948204954,0.00039597956389769706,0.9915501990343006,0.9194685133666124
108,8.452805927768852,0.0003894473049061986,0.9916209372541333,0.9199912932572151
109,8.453195375073758,0.0003830753143212462,0.9916905014496198,0.9205066744230496
110,8.453578450388079,0.0003768583929275593,0.9917589204782561,0.9210148224360569
111,8.453955308781007,0.0003707915506137027,0.9918262229312067,0.9215158934394446
112,8.45432610033162,0.0003648699963569868,0.9918924348052822,0.9220100385773107
113,8.454690970327977,0.0003590891287679199,0.9919575832404687,0.922497409518122
114,8.455050059456745,0.00035344452715868613,0.9920216937960918,0.9229781414012566
115,8.455403503983904,0.00034793194309656883,0.992084790474486,0.92345237995426
116,8.455751435927,0.0003425472924067918,0.9921468968445234,0.923920261564634
117,8.456093983219407,0.00033728664761234484,0.9922080371360738,0.9243819132615813
118,8.45643126986702,0.00033214623078059446,0.9922682335236443,0.9248374608605084
119,8.4567634160978,0.00032712240674293014,0.9923275067196273,0.9252870370078291
120,8.457090538504543,0.0003222116766590233,0.9923858777538753,0.9257307610606562
121,8.457412750181202,0.0003174106719434633,0.9924433693250353,0.9261687432588666
122,8.457730160853146,0.00031271614848016327,0.9924999980612667,0.9266010979120249
123,8.458042877001626,0.0003081249811476283,0.9925557853658654,0.9270279534233662
124,8.458351001982773,0.0003036341586231117,0.9926107492315814,0.9274493945280535
125,8.458654636141397,0.00029924077843901387,0.9926649070842962,0.9278655431150312
126,8.458953876919836,0.00029494204230573473,0.9927182781989381,0.928276497039687
127,8.459248818962141,0.0002907352516476891,0.9927708772566635,0.9286823513020704
128,8.459539554213789,0.00028661780337380094,0.9928227230551268,0.9290832161672657
129,8.459826172017163,0.00028258718585583154,0.9928738308302122,0.9294791685815401
130,8.460108759203019,0.00027864097509322505,0.9929242153372166,0.9298703178477398
131,8.460387400178112,0.00027477683107512973,0.9929738933315805,0.9302567475505691
132,8.460662177009187,0.0002709924943076203,0.9930228783621103,0.9306385387607355
133,8.460933169503495,0.00026728578251855595,0.9930711861254732,0.9310157888885149
134,8.461200455286013,0.0002636545875063234,0.9931188289091732,0.9313885720403798
135,8.46146410987352,0.00026009687215022836,0.9931658219872714,0.9317569797535791
136,8.46172420674567,0.0002566106675470081,0.9932121767451064,0.9321210785145858
137,8.461980817413217,0.0002531940702930058,0.9932579081027144,0.9324809586590694
138,8.46223401148351,0.0002498452398853601,0.9933030271683624,0.9328366816129241
139,8.462483856723395,0.00024656239624221143,0.9933475466182914,0.9331883369251991
140,8.462730419119637,0.00024334381734547605,0.993391478962718,0.9335359856428982
141,8.462973762936983,0.00024018783697599133,0.9934348335339268,0.9338797017846462
142,8.463213950773959,0.00023709284255701846,0.9934776238221119,0.9342195589168273
143,8.463451043616516,0.0002340572731025503,0.9935198611428547,0.9345556066970991
144,8.463685100889618,0.000231079617243779,0.9935615538341775,0.9348879279074723
145,8.463916180506862,0.00022815841135148673,0.9936027142134932,0.9352165891944862
146,8.464144338918214,0.00022529223773659623,0.9936433514912341,0.9355416346448003
147,8.46436963115595,0.00022247972293065743,0.9936834760710989,0.9358631401385541
148,8.46459211087888,0.00021971953604094097,0.9937230976541135,0.9361811579246593
149,8.464811830414922,0.00021701038718191512,0.9937622257046458,0.9364957502596583
150,8.465028840802104,0.00021435102595646072,0.9938008674453147,0.936806974550514
151,8.46524319182806,0.00021174024002945657,0.9938390363261124,0.9371148869063666
152,8.46545493206809,0.00020917685373156303,0.993876735261701,0.937419526357546
153,8.465664108921821,0.0002066597267482706,0.9939139783698443,0.9377209817475102
154,8.46587076864857,0.00020418775284625212,0.9939507693830222,0.9380192590644981
155,8.466074956401416,0.00020175985865655832,0.9939871186449971,0.9383144536847472
156,8.466276716260072,0.00019937500251288043,0.9940230348484981,0.9386065789970791
157,8.466476091262585,0.0001970321733359981,0.9940585245470613,0.9388957014821169
158,8.466673123435921,0.00019473038956085986,0.9940935947053007,0.939181875038055
159,8.466867853825482,0.00019246869810807254,0.9941282533569494,0.9394651369357243
160,8.46706032252359,0.0001902461733980232,0.9941625080397823,0.9397455281499462
161,8.467250568696988,0.00018806191640408088,0.9941963656526995,0.9400230986812551
162,8.467438630613392,0.00018591505374665473,0.9942298331572541,0.940297895012934
163,8.467624545667139,0.00018380473681745002,0.9942629159402868,0.9405699589360671
164,8.467808350403956,0.00018173014093747497,0.9942956218923016,0.9408393331443384
165,8.467990080544894,0.00017969046456478566,0.9943279592294023,0.9411060479752169
166,8.468169771009459,0.00017768492850045448,0.9943599279456447,0.9413701544585619
167,8.468347455937959,0.00017571277516736927,0.9943915438414672,0.9416317066167516
168,8.468523168713126,0.0001737732678748216,0.9944228018353736,0.9418906921787302
169,8.468696941981001,0.00017186569014526754,0.9944537177644136,0.9421472275741415
170,8.468868807671146,0.00016998934504286467,0.9944842901138317,0.9424012597744968
171,8.46903879701619,0.00016814355454464192,0.9945145295877151,0.9426529064188296
172,8.469206940570734,0.00016632765892587997,0.9945444377737056,0.9429021440102832
173,8.46937326822966,0.00016454101616680816,0.9945740211779373,0.9431490491534981
174,8.469537809245827,0.00016278300138772295,0.9946032872503526,0.9433936241610434
175,8.469700592247214,0.00016105300630897545,0.9946322398940801,0.9436359119073136
176,8.469861645253523,0.0001593504387145117,0.9946608805958229,0.9438759634269979
177,8.470020995692238,0.00015767472195271637,0.9946892201862674,0.9441138008449672
178,8.47017867041419,0.00015602529444436186,0.9947172592275764,0.9443494265956561
179,8.470334695708635,0.00015440160921542656,0.9947450047152679,0.9445829204664418
180,8.47048909731785,0.00015280313344234742,0.994772459383968,0.9448142777723071
181,8.470641900451293,0.0001512293480097071,0.994799628576615,0.9450435472316256
182,8.470793129799302,0.00014967974710167198,0.9948265200961477,0.9452707425015261
183,8.470942809546404,0.00014815383778454816,0.9948531302805592,0.9454958991686522
184,8.471090963384189,0.00014665113961775944,0.9948794703284274,0.945719073518634
185,8.471237614523806,0.0001451711842772596,0.9949055426594678,0.9459402266200323
186,8.471382785708084,0.0001437135151878266,0.9949313503935114,0.9461594435243331
187,8.471526499223272,0.00014227768717844924,0.9949568994995267,0.9463767363834156
188,8.47166877691045,0.00014086326613060862,0.9949821888340445,0.9465921233961414
189,8.47180964017658,0.00013946982866386293,0.995007230414092,0.9468056467437626
190,8.471949110005244,0.00013809696180544506,0.9950320185598096,0.9470172892624161
191,8.47208720696705,0.00013674426269538742,0.9950565665694209,0.9472271443366519
192,8.472223951229745,0.00013541133828809393,0.9950808702588884,0.9474351569730605
193,8.472359362568033,0.00013409780506101754,0.9951049351891731,0.9476414319401141
194,8.472493460373094,0.00013280328874465397,0.9951287692558132,0.9478459269820699
195,8.472626263661839,0.00013152742405786455,0.9951523716376826,0.948048682098074
196,8.472757791085897,0.0001302698544449754,0.9951757441721881,0.9482497573281093
197,8.472888060940342,0.00012903023183064022,0.9951988941875363,0.9484491391609672
198,8.473017091172172,0.00012780821637470297,0.9952218218778717,0.9486468366570951
199,8.473144899388547,0.00012660347624127155,0.9952445338744524,0.9488429056008534
200,8.473271502864788,0.00012541568738377862,0.9952670318304474,0.9490373414272772
201,8.473396918552172,0.00012424453330339702,0.9952893101901771,0.9492301945108435
202,8.473521163085476,0.0001230897048642987,0.9953113916796354,0.9494214728884532
203,8.47364425279034,0.00012195090007338649,0.9953332574898889,0.9496111233141379
204,8.473766203690413,0.00012082782388489477,0.9953549241694353,0.9497993340279611
205,8.473887031514298,0.00011972018801920115,0.9953763930401301,0.9499859386699371
206,8.474006751702317,0.00011862771076387446,0.9953976581246644,0.9501710732531404
207,8.474125379413081,0.00011755011680492089,0.9954187345417758,0.9503547437129991
208,8.474242929529886,0.0001164871370473719,0.9954396157832485,0.9505368934167723
209,8.474359416666934,0.00011543850845541215,0.995460309913017,0.9507176469346036
210,8.474474855175389,0.00011440397387652013,0.9954808119543446,0.9508969432664327
211,8.474589259149266,0.00011338328189758329,0.9955011368368458,0.9510748467094712
212,8.474702642431163,0.0001123761866814732,0.9955212740635191,0.9512513094305525
213,8.474815018617845,0.00011138244783026607,0.9955412363419375,0.9514264553792179
214,8.474926401065675,0.000110401830227147,0.9955610150779518,0.9516001891845455
215,8.475036802895902,0.00010943410391028863,0.9955806271733159,0.9517726159756809
216,8.475146236999812,0.00010847904393607166,0.995600062111195,0.951943656750591
217,8.475254716043748,0.00010753643023697634,0.9956193239491692,0.9521134535537072
218,8.475362252473985,0.00010660604751144831,0.9956384268541495,0.9522819106522339
219,8.475468858521497,0.00010568768509067183,0.9956573557369511,0.9524490588970635
220,8.475574546206587,0.00010478113681955392,0.9956761234659623,0.9526150173033155
221,8.475679327343407,0.00010388620094659018,0.9956947320815643,0.9527796502585322
222,8.475783213544354,0.00010300268000307256,0.9957131776311157,0.9529430657599849
223,8.475886216224357,0.00010213038070894243,0.9957314716360289,0.953105277577734
224,8.475988346605066,0.00010126911384844561,0.9957495995501306,0.9532662472561845
225,8.476089615718914,0.00010041869417776184,0.9957675843671511,0.9534260715988158
226,8.476190034413092,9.957894033085779e-05,0.995785416650177,0.9535846193181753
227,8.476289613353423,9.874967470935303e-05,0.995803091770125,0.953742088246972
228,8.476388363028132,9.793072340080755e-05,0.9958206273779766,0.9538983919146545
229,8.476486293751533,9.71219160756931e-05,0.995838010960533,0.9540534859223845
230,8.476583415667609,9.632308591278615e-05,0.9958552586392632,0.9542075218474632
231,8.476679738753521,9.553406950324472e-05,0.995872355239936,0.9543603860879617
232,8.476775272823025,9.47547067671195e-05,0.9958893145733175,0.9545122172501701
233,8.476870027529792,9.398484087874692e-05,0.9959061384863424,0.9546628780049918
234,8.47696401237067,9.322431818148402e-05,0.9959228203451262,0.954812486925802
235,8.477057236688852,9.247298811487781e-05,0.9959393699349292,0.9549610571020319
236,8.477149709676967,9.173070313828191e-05,0.9959557839997351,0.9551085265629836
237,8.477241440380105,9.099731865802596e-05,0.9959720665964228,0.9552549787713902
238,8.477332437698763,9.027269295991402e-05,0.995988219925279,0.9554003817153812
239,8.477422710391723,8.955668713639398e-05,0.9960042416307041,0.9555447683218306
240,8.47751226707886,8.8849165024385e-05,0.996020139232405,0.9556881551013098
241,8.477601116243884,8.814999313955241e-05,0.9960359082481662,0.9558305181077936
242,8.477689266237023,8.745904060880605e-05,0.9960515514592532,0.9559719213745886
243,8.477776725277632,8.677617911700963e-05,0.9960670768563578,0.9561123220218984
244,8.47786350145675,8.610128283947915e-05,0.9960824745554724,0.9562517420064474
245,8.477949602739589,8.543422839046855e-05,0.9960977574042833,0.9563902498985636
246,8.478035036967979,8.47748947609972e-05,0.9961129174575776,0.9565277545916113
247,8.47811981186274,8.412316326911196e-05,0.9961279646533494,0.9566643682924266
248,8.47820393502601,8.347891750659642e-05,0.9961428927312831,0.9568000171959334
249,8.478287413943516,8.28420432785748e-05,0.9961577026941398,0.9569347878051178
250,8.478370255986794,8.221242856620847e-05,0.9961724089041993,0.9570686212894958
251,8.47845246841536,8.158996346452341e-05,0.9961869920812778,0.9572015241012714
252,8.478534058378825,8.097454014155403e-05,0.996201473669076,0.9573336228858771
253,8.478615032918967,8.036605279571063e-05,0.9962158438999319,0.9574647416324102
254,8.478695398971762,7.976439759715959e-05,0.9962300972447683,0.9575950711339555
255,8.47877516336936,7.916947265584895e-05,0.9962442563293469,0.9577245209119312
256,8.478854332842015,7.858117797532316e-05,0.9962583023590663,0.9578530386188621
257,8.47893291401999,7.799941540653776e-05,0.996272241328292,0.9579808264119312
258,8.479010913435397,7.742408860877958e-05,0.9962860814561438,0.9581077120801387
259,8.479088337524006,7.68551030123632e-05,0.9962998209308414,0.9582337474924922
260,8.479165192627018,7.629236577955112e-05,0.9963134564536326,0.9583590049373857
261,8.479241484992798,7.57357857654739e-05,0.9963269893985295,0.9584834658941916
262,8.479317220778563,7.518527347549764e-05,0.9963404229271058,0.9586070982574741
263,8.479392406052039,7.464074104390761e-05,0.9963537685213925,0.9587299122516649
264,8.479467046793083,7.410210217884128e-05,0.9963670008664888,0.9588519346117438
265,8.479541148895262,7.356927214985376e-05,0.996380157320207,0.9589732677499475
266,8.479614718167412,7.304216773640348e-05,0.9963931991460523,0.9590936791057693
267,8.479687760335148,7.252070720475956e-05,0.9964061608685726,0.9592135072173855
268,8.479760281042353,7.20048102778037e-05,0.9964190261854583,0.9593323966664311
269,8.47983228585263,7.149439809417402e-05,0.996431793034136,0.9594506607984058
270,8.479903780250725,7.098939319050146e-05,0.9964444815799254,0.9595681487115043
271,8.479974769643915,7.04897194605536e-05,0.996457068936114,0.9596848396022206
272,8.480045259363376,6.999530213924743e-05,0.9964695784353567,0.9598009162598655
273,8.480115254665515,6.950606776179313e-05,0.9964819859270165,0.9599161672037139
274,8.480184760733277,6.902194414415419e-05,0.9964943179845511,0.9600308045721241
275,8.480253782677421,6.854286035462565e-05,0.9965065601074857,0.9601446048528886
276,8.480322325537776,6.806874668718876e-05,0.996518716763164,0.9602578104357716
277,8.480390394284463,6.759953463664203e-05,0.996530790237984,0.9603702863206195
278,8.4804579938191,6.713515687550853e-05,0.9965427804387494,0.960482071870406
279,8.480525128975975,6.667554722739055e-05,0.9965546846877339,0.9605931864974551
280,8.480591804523202,6.622064064210065e-05,0.9965665091060203,0.9607036276860695
281,8.480658025163844,6.577037317789802e-05,0.9965782574804819,0.9608133690233251
282,8.480723795537022,6.532468197661956e-05,0.9965899192198178,0.9609224654513631
283,8.480789120218999,6.488350523703446e-05,0.9966015002147149,0.9610309504674349
284,8.480854003724236,6.444678220063338e-05,0.9966130118808384,0.9611387244509922
285,8.480918450506437,6.40144531249831e-05,0.9966244389492349,0.9612458403443428
286,8.480982464959562,6.358645927129203e-05,0.9966357951228215,0.9613524024404606
287,8.481046051418833,6.316274287421209e-05,0.9966470627879843,0.9614582677509683
288,8.481109214161707,6.274324712762791e-05,0.9966582663053439,0.961563561877658
289,8.481171957408835,6.23279161651169e-05,0.9966693943873893,0.9616681196955575
290,8.481234285325,6.191669504573838e-05,0.9966804489499367,0.9617721661868792
291,8.481296202020046,6.150952972738821e-05,0.9966914200764371,0.9618755951020465
292,8.481357711549773,6.110636705081163e-05,0.9967023288289579,0.9619784228020561
293,8.481418817916824,6.070715473072141e-05,0.9967131720193065,0.9620805553524205
294,8.481479525071554,6.031184133092893e-05,0.9967239294314395,0.9621821878787707
295,8.481539836912885,5.992037624835689e-05,0.9967346211020401,0.962283289425947
296,8.481599757289134,5.9532709697052155e-05,0.9967452464563615,0.962383669736414
297,8.48165928999883,5.914879269575124e-05,0.996755805799975,0.9624835146460219
298,8.481718438791527,5.8768577048340376e-05,0.9967662911013216,0.9625828176027926
299,8.481777207368575,5.8392015334973735e-05,0.9967767134594719,0.9626815802250598
300,8.48183559938391,5.801906088720443e-05,0.9967870571657684,0.9627797260471277
301,8.481893618444797,5.76496677808791e-05,0.9967973493714977,0.9628773577797033
302,8.481951268112578,5.728379082192703e-05,0.9968075714900184,0.9629743267518904
303,8.4820085519034,5.692138553037296e-05,0.9968177241532188,0.9630708867600205
304,8.48206547328893,5.656240812434987e-05,0.9968278137575038,0.9631668620464839
305,8.482122035697055,5.620681551299356e-05,0.9968378478607632,0.9632622572255863
306,8.482178242512568,5.585456528223176e-05,0.9968478102441803,0.9633571313472067
307,8.48223409707785,5.550561567524426e-05,0.9968577047583075,0.9634515545741532
308,8.482289602693525,5.515992558891014e-05,0.9968675515157561,0.9635453728119587
309,8.482344762619114,5.48174545542679e-05,0.9968773262230762,0.9636386211764106
310,8.482399580073668,5.4478162734739044e-05,0.996887050699066,0.9637314884354815
311,8.482454058236403,5.414201090125914e-05,0.9968966963176535,0.9638237441628319
312,8.482508200247304,5.380896043050143e-05,0.996906302341524,0.9639155934111118
313,8.482562009207735,5.347897329421869e-05,0.9969158415091203,0.9640067642738903
314,8.482615488181029,5.315201203970332e-05,0.9969253127107603,0.9640976274631005
315,8.482668640193069,5.282803978978734e-05,0.9969347426453051,0.9641879236965427
316,8.482721468232858,5.250702022330245e-05,0.996944099787609,0.9642776413417066
317,8.482773975253082,5.218891757152733e-05,0.9969534124818971,0.9643670326866768
318,8.482826164170653,5.187369660575314e-05,0.996962660968886,0.9644557974856759
319,8.482878037867259,5.1561322624849026e-05,0.9969718532726232,0.9645442040181347
320,8.482929599189884,5.1251761453485756e-05,0.9969809984820234,0.9646320634414073
321,8.482980850951337,5.0944979420819436e-05,0.9969900723538698,0.9647194511490128
322,8.483031795930758,5.064094336582059e-05,0.9969991137016472,0.9648064526770119
323,8.483082436874124,5.0339620612405156e-05,0.997008076320574,0.964892836163205
324,8.483132776494736,5.0040978978316275e-05,0.9970170124366581,0.9649789706394295
325,8.483182817473715,4.974498674670258e-05,0.9970258645462475,0.9650644144949765
326,8.483232562460461,4.9451612676776335e-05,0.9970346988031162,0.9651496652799716
327,8.483282014073138,4.916082598249716e-05,0.9970434521166688,0.965234172818404
328,8.48333117489912,4.8872596332572016e-05,0.9970521686915118,0.9653185686598141
329,8.483380047495453,4.858689383269166e-05,0.9970608215970321,0.9654022484441916
330,8.483428634389286,4.830368902908333e-05,0.997069445256795,0.9654856342582756
331,8.483476938078315,4.8022952896076276e-05,0.9970780011056527,0.9655684673626621
332,8.483524961031211,4.77446568254436e-05,0.9970865061087418,0.9656510770211966
333,8.483572705688037,4.746877262284954e-05,0.9970949722410422,0.965733092406014
334,8.48362017446066,4.719527250429678e-05,0.9971033868353519,0.9658146753899003
335,8.483667369733164,4.6924129076586496e-05,0.9971117370953554,0.9658959403726601
336,8.48371429386224,4.6655315346200155e-05,0.997120069063736,0.9659767646914922
337,8.483760949177586,4.638880469975959e-05,0.9971283258310715,0.9660570244383346
338,8.483807337982286,4.612457090580335e-05,0.9971365547947593,0.9661371620345398
339,8.483853462553192,4.5862588105904933e-05,0.9971447255125573,0.9662166286447716
340,8.483899325141298,4.560283080579097e-05,0.9971528471922684,0.9662958802624589
341,8.483944927972104,4.534527387178855e-05,0.9971609299718627,0.9663746225645122
342,8.483990273245976,4.5089892523719755e-05,0.9971689642540429,0.9664529435464114
343,8.4840353631385,4.483666232779626e-05,0.9971769543355226,0.9665309404063341
344,8.484080199800827,4.458555919484297e-05,0.9971849051718925,0.9666085196783505
345,8.484124785360022,4.433655937141623e-05,0.9971928011750697,0.9666857222245091
346,8.484169121919393,4.408963943447475e-05,0.9972006549755201,0.9667625953291492
347,8.484213211558828,4.384477628427419e-05,0.9972084658614992,0.9668389873110563
348,8.484257056335112,4.360194714436716e-05,0.9972162407631325,0.9669150197183194
349,8.484300658282256,4.336112954916871e-05,0.9972239580954186,0.9669906850625372
350,8.484344019411806,4.312230134395634e-05,0.9972316472892062,0.9670660498825101
351,8.48438714171315,4.288544067954092e-05,0.9972392875242,0.9671409039527793
352,8.484430027153829,4.2650526003384925e-05,0.9972468798818204,0.9672155324909694
353,8.484472677679832,4.2417536057826055e-05,0.9972544410210729,0.967289732501398
354,8.48451509521589,4.218644987474818e-05,0.9972619582809991,0.967363513745822
355,8.484557281665765,4.195724677380497e-05,0.9972694341554251,0.967437037729612
356,8.484599238912539,4.172990634998541e-05,0.9972768561365039,0.9675101806727265
357,8.484640968818889,4.1504408475390164e-05,0.997284258392093,0.9675829661034808
358,8.484682473227364,4.128073329567883e-05,0.9972916140365304,0.967655271366938
359,8.48472375396066,4.105886122118818e-05,0.997298919107693,0.9677274292784152
360,8.484764812821881,4.083877292337945e-05,0.9973061938464827,0.967799176869023
361,8.484805651594804,4.062044933483833e-05,0.997313435576773,0.9678704746462938
362,8.48484627204414,4.040387164039316e-05,0.9973206255662073,0.9679415198764117
363,8.48488667591578,4.0189021273562275e-05,0.9973277855742974,0.9680122858863086
364,8.484926864937053,3.997587991833029e-05,0.9973349139031834,0.9680825887008568
365,8.484966840816972,3.976442949849002e-05,0.9973419841012746,0.9681526408462149
366,8.48500660524647,3.955465217586607e-05,0.9973490276481392,0.9682224251896189
367,8.485046159898646,3.9346530346762165e-05,0.9973560354562954,0.9682916817421862
368,8.485085506428993,3.9140046636632064e-05,0.9973630068740827,0.9683607186186719
369,8.48512464647563,3.893518390185591e-05,0.9973699501398451,0.9684294461418063
370,8.485163581659531,3.873192522085844e-05,0.9973768394907637,0.9684978574696115
371,8.485202313584752,3.853025389410902e-05,0.9973837007490061,0.9685660330434821
372,8.485240843838646,3.8330153433463465e-05,0.9973905171724053,0.968633719003625
373,8.48527917399208,3.8131607571045834e-05,0.9973973248310054,0.9687011686200063
374,8.48531730559965,3.7934600245037586e-05,0.9974040632876588,0.9687682167339953
375,8.485355240199896,3.7739115599677575e-05,0.9974107869129437,0.9688352181211081
376,8.485392979315495,3.7545137985262045e-05,0.9974174801083815,0.9689015766027972
377,8.48543052445348,3.735265195281556e-05,0.9974241268535357,0.9689678277168287
378,8.485467877105433,3.716164225053831e-05,0.9974307383882263,0.9690338172776093
379,8.485505038747684,3.697209381847699e-05,0.9974373174366481,0.9690993865646303
380,8.485542010841503,3.6783991792077586e-05,0.9974438764898159,0.9691646459228032
381,8.485578794833295,3.659732149152717e-05,0.9974503816355332,0.9692296218905057
382,8.485615392154786,3.641206842530664e-05,0.9974568738702618,0.9692944375273167
383,8.485651804223211,3.622821828486167e-05,0.9974633195432113,0.9693587568318904
384,8.485688032441496,3.6045756941049945e-05,0.9974697320995392,0.9694229851827463
385,8.485724078198437,3.58646704405885e-05,0.997476116100963,0.9694867888244197
386,8.485759942868878,3.568494500783004e-05,0.9974824765610933,0.9695503003847886
387,8.485795627813886,3.5506567035881176e-05,0.9974887893053606,0.9696135647448189
388,8.485831134380922,3.532952309370785e-05,0.9974950891148441,0.9696766312053872
389,8.485866463904015,3.515379990837175e-05,0.9975013222162789,0.9697392594347262
390,8.485901617703924,3.497938437746484e-05,0.997507574293772,0.9698017942468369
391,8.485936597088301,3.480626356200389e-05,0.997513761807268,0.9698637008017694
392,8.485971403351863,3.463442467577238e-05,0.9975199107322027,0.9699258308620939
393,8.486006037776539,3.446385509775496e-05,0.9975260690834011,0.9699873527613432
394,8.486040501631637,3.429454235615026e-05,0.9975321517530766,0.97004852453324
395,8.486074796173993,3.412647413369996e-05,0.9975382381076583,0.9701098240958085
396,8.486108922648127,3.395963826591242e-05,0.9975442842816318,0.9701704028712733
397,8.486142882286392,3.379402273395726e-05,0.9975502873523753,0.9702310517885582
398,8.486176676309126,3.362961566644174e-05,0.9975562766820619,0.9702913329234796
399,8.486210305924793,3.346640533408163e-05,0.997562229062461,0.9703512165394979
400,8.486243772330127,3.330438015147763e-05,0.9975681640554738,0.9704109954444317
401,8.486277076710278,3.314352867356263e-05,0.9975740583990188,0.9704704374462743
402,8.486310220238952,3.298383959027262e-05,0.9975799211975791,0.9705297377734995
403,8.486343204078542,3.28253017283231e-05,0.9975857732726209,0.9705886632504968
404,8.48637602938027,3.2667904052985364e-05,0.9975915916905078,0.9706473045203028
405,8.486408697284324,3.251163565565207e-05,0.9975973527614114,0.9707058699573351
406,8.48644120891998,3.2356485759166276e-05,0.9976031229684673,0.9707641293268467
407,8.486473565405738,3.220244371604508e-05,0.9976088572411388,0.9708218445367461
408,8.486505767849454,3.2049499006703286e-05,0.9976145549594099,0.9708796821256445
409,8.486537817348461,3.189764122879524e-05,0.9976202156776329,0.9709371897101846
410,8.48656971498969,3.174686011142569e-05,0.9976258976176139,0.9709943603379602
411,8.486601461849801,3.159714550093895e-05,0.9976314966187705,0.9710511892805973
412,8.486633058995302,3.144848736447159e-05,0.9976370942973395,0.9711082615295421
413,8.486664507482667,3.1300875782847015e-05,0.9976426562966857,0.9711645292846303
414,8.48669580835845,3.11543009576809e-05,0.9976482192422321,0.9712208129740424
415,8.486726962659407,3.100875320427576e-05,0.9976537244612359,0.9712767666767648
416,8.486757971412612,3.086422294806823e-05,0.9976592087248526,0.9713327590309748
417,8.48678883563556,3.072070072995814e-05,0.9976646858923164,0.9713881983575857
418,8.48681955633629,3.057817719565037e-05,0.9976701086582129,0.9714434549568699
419,8.486850134513485,3.0436643102760286e-05,0.9976755401657371,0.9714986683133043
420,8.486880571156588,3.0296089315484664e-05,0.9976809207453552,0.9715533607315711
421,8.486910867245903,3.0156506797496263e-05,0.997686276974671,0.9716081694732465
422,8.486941023752701,3.0017886626154677e-05,0.997691649391996,0.971662491305516
423,8.486971041639327,2.9880219972966415e-05,0.9976969265179112,0.9717165946545617
424,8.4870009218593,2.9743498116019396e-05,0.9977022377868565,0.9717708891824769
425,8.487030665357416,2.9607712425772093e-05,0.997707484055512,0.9718242466673624
426,8.487060273069842,2.947285437926439e-05,0.9977127586459944,0.9718779766381632
427,8.487089745924221,2.9338915544130373e-05,0.9977179479546122,0.9719310751395231
428,8.487119084839765,2.9205887587480106e-05,0.9977231595313556,0.9719844873118595
429,8.487148290727353,2.9073762267017855e-05,0.9977283183562183,0.9720370612792467
430,8.48717736448962,2.8942531436371155e-05,0.9977334810618534,0.972089887304283
431,8.487206307021056,2.8812187041538095e-05,0.9977385983517693,0.972142204064674
432,8.487235119208098,2.8682721115558252e-05,0.997743687294935,0.9721945862184149
433,8.487263801929213,2.8554125783841755e-05,0.9977487795004146,0.9722465326821133
434,8.487292356054997,2.8426393257063864e-05,0.9977538250561353,0.9722982165226812
435,8.487320782448254,2.829951583471768e-05,0.9977588696081189,0.9723499588811455
436,8.487349081964089,2.817348590333779e-05,0.9977638767016088,0.9724012518518828
437,8.487377255449992,2.804829592939484e-05,0.9977688508982234,0.972452559712594
438,8.487405303745922,2.7923938468177312e-05,0.9977738396498627,0.972503510898862
439,8.48743322768439,2.7800406153133395e-05,0.9977787637937621,0.9725541515976819
440,8.487461028090543,2.7677691702976404e-05,0.9977836994526381,0.9726049651840479
441,8.487488705782246,2.7555787912802998e-05,0.9977885810346666,0.9726551443117655
442,8.487516261570159,2.743468765586954e-05,0.9977934717274481,0.9727054650520349
443,8.487543696257815,2.7314383890697513e-05,0.9977983492382263,0.9727552576777355
444,8.487571010641705,2.7194869645086328e-05,0.9978031462454084,0.9728051673631755
445,8.48759820551135,2.7076138028547803e-05,0.9978079862488872,0.9728549661153597
446,8.487625281649379,2.6958182219871674e-05,0.997812758154172,0.9729039654504482
447,8.487652239831599,2.6840995477783736e-05,0.9978175576345372,0.9729534277548298
448,8.487679080827077,2.67245711302877e-05,0.9978222870210369,0.9730022166051802
449,8.487705805398207,2.6608902578217908e-05,0.9978270281965692,0.973051310814985
450,8.487732414300785,2.649398329701569e-05,0.9978317433745741,0.9730997100631449
451,8.487758908284082,2.6379806826071217e-05,0.9978364089241694,0.9731482529355271
452,8.487785288090908,2.6266366779381656e-05,0.9978411093707876,0.9731965518667876
453,8.487811554457688,2.615365683666937e-05,0.9978457445791723,0.9732443642498557
454,8.487837708114524,2.6041670748711e-05,0.9978503841772141,0.973292557023332
455,8.487863749785273,2.593040232845567e-05,0.9978549735917153,0.9733401024370927
456,8.487889680187601,2.581984545813043e-05,0.997859584066178,0.9733877148650951
457,8.48791550003306,2.570999408391117e-05,0.9978641449696543,0.9734348335472084
458,8.487941210027143,2.5600842215922626e-05,0.997868696374846,0.973482190465384
459,8.48796681086936,2.549238393001474e-05,0.9978732311177604,0.973529059230836
460,8.48799230325329,2.538461335888087e-05,0.9978777254970772,0.9735758517699885
461,8.488017687866648,2.5277524702715937e-05,0.9978822539555924,0.9736224939954564
462,8.488042965391351,2.5171112222110992e-05,0.9978867112777166,0.9736687417431811
463,8.488068136503573,2.5065370234500506e-05,0.9978911554573039,0.9737153617791162
464,8.488093201873808,2.4960293121267796e-05,0.9978956131140864,0.9737612695022355
465,8.488118162166929,2.485587531886324e-05,0.9979000104887441,0.9738070624383972
466,8.488143018042248,2.4752111324133352e-05,0.9979044243692905,0.973853015047698
467,8.488167770153572,2.464899569076806e-05,0.9979087974609507,0.9738983660298978
468,8.488192419149263,2.4546523025748e-05,0.9979131566364065,0.9739439078183967
469,8.488216965672288,2.44446879982263e-05,0.9979175298369898,0.9739890484166072
470,8.488241410360287,2.434348532887043e-05,0.9979218239851184,0.9740340653992985
471,8.488265753845615,2.424290978986221e-05,0.9979261358585392,0.974079247490326
472,8.488289996755405,2.4142956215555955e-05,0.9979304598196218,0.9741236315954376
473,8.48831413971162,2.4043619484714895e-05,0.9979346834704528,0.9741682189417337
474,8.488338183331106,2.394489453472204e-05,0.9979389766457266,0.9742129510627634
475,8.48836212822564,2.384677634914567e-05,0.9979431914177153,0.9742566637520135
476,8.48838597500199,2.3749259970173853e-05,0.9979474462712058,0.9743011160272141
477,8.48840972426196,2.3652340484403567e-05,0.9979516089415185,0.9743447750292595
478,8.488433376602444,2.3556013029946143e-05,0.9979558175215374,0.9743888688000006
479,8.488456932615474,2.346027279820362e-05,0.9979599937617359,0.9744320251030779
480,8.488480392888272,2.3365115021434235e-05,0.9979641124002243,0.9744756768813988
481,8.488503758003294,2.3270534990516012e-05,0.9979682967354045,0.9745190115514433
482,8.488527028538284,2.3176528031854104e-05,0.9979723551598798,0.9745617666039166
483,8.488550205066316,2.3083089530473444e-05,0.9979765240864464,0.9746052227888956
484,8.488573288155846,2.2990214908702455e-05,0.9979805539475968,0.9746473884302078
485,8.488596278370755,2.289789964216027e-05,0.9979846647500298,0.9746907216732303
486,8.488619176270397,2.2806139245545864e-05,0.9979886801277129,0.9747326261747388
487,8.488641982409643,2.2714929283296215e-05,0.9979927467867789,0.9747753912340917
488,8.488664697338926,2.26242653607045e-05,0.9979967439249534,0.974817180540548
489,8.488687321604287,2.2534143127472817e-05,0.9980007621740586,0.974859521948902
490,8.488709855747414,2.2444558279488547e-05,0.9980047573919719,0.9749011564597654
491,8.488732300305694,2.235550654994256e-05,0.998008703819491,0.9749430288306474
492,8.488754655812244,2.2266983721763722e-05,0.9980126945901382,0.9749846784360465
493,8.488776922795966,2.2178985609855317e-05,0.9980165852879999,0.9750258363835725
494,8.488799101781575,2.209150808063498e-05,0.9980205698228763,0.9750674744576182
495,8.488821193289656,2.2004547030718413e-05,0.9980244223360615,0.9751080846211795
496,8.488843197836687,2.1918098408235664e-05,0.9980283791957625,0.9751496922679646
497,8.488865115935095,2.183215819151485e-05,0.9980321917003111,0.9751899370580817
498,8.488886948093286,2.174672240151665e-05,0.9980360988822892,0.9752312898987667
499,8.488908694815688,2.1661787101834307e-05,0.9980399528801153,0.9752312898987667
